data,predicted_categories,ai_cluster
Python Scope and the LEGB Rule: Resolving Names in Your Code,[],1
Getting Started With marimo Notebooks,[],2
How to Debug Common Python Errors,[],1
What Is Python's __init__.py For?,[],4
Exploring Protocols in Python,[],4
Free-Threaded Python Unleashed and Other Python News for July 2025,[],3
Python 3.14 Preview: Template Strings (T-Strings),[],1
Implementing the Factory Method Pattern in Python,[],0
Use TorchAudio to Prepare Audio Data for Deep Learning,[],2
Your Guide to the Python print() Function,[],4
Starting With DuckDB and Python,[],4
Python enumerate(): Simplify Loops That Need Counters,[],4
Python Project: Build a Word Count Command-Line App,[],1
Exploring Python's list Data Type With Examples,[],4
Write Pythonic and Clean Code With namedtuple,[],1
Defining Your Own Python Function,[],4
Python Continuous Integration and Deployment Using GitHub Actions,[],3
Python Hits the Big Screen and Other Python News for June 2025,[],3
How to Find an Absolute Value in Python,[],4
