data,predicted_categories
Python Scope and the LEGB Rule: Resolving Names in Your Code,[]
Getting Started With marimo Notebooks,[]
How to Debug Common Python Errors,[]
What Is Python's __init__.py For?,[]
Exploring Protocols in Python,[]
Free-Threaded Python Unleashed and Other Python News for July 2025,[]
Python 3.14 Preview: Template Strings (T-Strings),[]
Implementing the Factory Method Pattern in Python,[]
Use TorchAudio to Prepare Audio Data for Deep Learning,[]
Your Guide to the Python print() Function,[]
Starting With DuckDB and Python,[]
Python enumerate(): Simplify Loops That Need Counters,[]
Python Project: Build a Word Count Command-Line App,[]
Exploring Python's list Data Type With Examples,[]
Write Pythonic and Clean Code With namedtuple,[]
Defining Your Own Python Function,[]
Python Continuous Integration and Deployment Using GitHub Actions,[]
Python Hits the Big Screen and Other Python News for June 2025,[]
How to Find an Absolute Value in Python,[]
